id,claim,method,result,source_ref,decision_ref
E01,A committed sync.enabled: false already refuses jira/linear tracker egress with no HTTP attempted; absence refuses identically; a granted project passes the gate,"Isolated HOME; HTTP trip-wire on httpx.Client.request; positive control included (three rows: absence, false, true)","absence: REFUSED error_code=project_consent_denied 0 HTTP; false: REFUSED error_code=project_consent_denied 0 HTTP; true: gate passed, failed later at ""No valid access token""",S01;S12,research.md §1
E02,local_service.py holds zero HTTP egress sinks; saas_client.py holds many (control),"AST scan with the egress guard's own scanner over src/, printing the input file count","INPUT COUNT: 1198 .py files scanned; 72 sink sites in 28 files total; CONTROL saas_client.py sinks = 8; SUBJECT local_service.py sinks = 0",S01;S12;S11,research.md §1
E03,The guard's own scanner is evaded by an all-positional call shape (#3113) but still fires on a keyword call and on a differently-named call,Three synthetic probe calls run through the same scanner,"poster(url, data=body, headers=hdrs, timeout=5.0) -> 1 sink (control, matches guard's own fixture); poster(url, body, hdrs, 5.0) -> 0 sinks (evaded, #3113); requests.post(u, b) -> 1 sink (control, name rule still fires)",S01,research.md §1
E04,"A committed sync.enabled: false does not stop the beads/fp path from shipping issue title, body, labels and assignee as argv","A real fake bd binary installed on disk, named through the machine-global credential file; real LocalTrackerService driven with nothing in the production path patched; doctrine.mode=spec_kitty_authoritative pinned; op=sync_push","argv captured: 2 -- ['.../fake-bd', '--json', 'list'] and ['.../fake-bd', '--json', 'create', 'ACME Holdings carve-out', '--type', 'task', '--priority', '2', '--description', 'confidential body', '--assignee', 'alice@acme.example', '--label', 'secret-label']; SENTINEL in argv: True; http attempts: 0",S01;S02;S11;S30;S31,research.md §1; data-model.md §5
E05,"The positive control for Gap B cannot pass on a default binding, because ownership mode gates title-write","Same fake-bd harness as E04, but with doctrine.mode left at its default (external_authoritative) instead of pinned to spec_kitty_authoritative","Consenting push on a default binding captures exactly one argv, ['<cmd>', '--json', 'list']; sentinel absent; SyncEngine.push does stats.skipped += 1; continue and never calls create_issue",S02;S11;S32;S33,research.md §5 (harness discipline); spec.md FR-018 H1
E06,"The only existing local-tracker tests patch out the exact method that would hold the gate, so a gate injected there is never entered","FR-001's gate injected onto _build_engine via a PYTHONPATH-injected pytest plugin (mutation-as-plugin, no source edit); bind counter instrumented","FR-001 MUTATION BIND COUNT: _build_engine entered=0 refused=0 permitted=0; 519 passed, 1 warning in 59.65s -- the all-green run is vacuous because the gate was never entered",S02;S36,research.md §2 option 4; spec.md FR-018 H2
E07,"The tracker CLI group's arming gate alone already satisfies a refusal assertion that only checks a non-zero exit code, with no consent gate present","SPEC_KITTY_ENABLE_SAAS_SYNC measured unset and then =1, on a fully consenting project, at bb2020fea","SPEC_KITTY_ENABLE_SAAS_SYNC=None -> exit 1, subprocess.run 0, http 0, prints 'Hosted SaaS sync is not enabled on this machine. Set `SPEC_KITTY_ENABLE_SAAS_SYNC=1` to opt in.'; SPEC_KITTY_ENABLE_SAAS_SYNC='1' -> exit 1, subprocess.run 1 (no gate present at all)",S02;S25;S28,research.md §5; spec.md FR-018 H3
E08,bind and unbind silently erase a committed tracker-egress decision while a plain save of a loaded config preserves it,"CONTROL: from_dict of an unknown key into _extra; CONTROL: save of a LOADED config; SUBJECT: bind via the service.py:163 path; SUBJECT: unbind via clear_tracker_config; control: sibling sync: block presence","CONTROL from_dict: _extra = {'egress_refused': True} (ok); CONTROL save-of-loaded: egress_refused present True (ok); SUBJECT bind: egress_refused present False (erased); SUBJECT unbind: egress_refused present False (erased); sibling sync: block still present: True (control ok)",S02;S09;S10;S11,data-model.md §5
E09,A known TrackerProjectConfig field with an unusable recorded value is silently replaced by its default on round trip,A doctrine.mode: 42 value was planted in a committed tracker: block and read back through the existing config load/save path,"Recorded 42 came back as 'external_authoritative' (the field's default), not as an error and not as the recorded 42",S02;S09,data-model.md §1
E10,An identity-less checkout with sync.enabled: true hand-authored still cannot be granted hosted-sync consent and the true reason is discarded,"Checkout with no project.uuid, sync.enabled: true committed (remedy 1 already applied); enable_checkout_sync and sync opt-in run against it",routing.project_uuid: None; ConsentDecision: granted=False level=absent reason='project identity did not resolve; not consentable'; `sync opt-in` core: ConsentIdentityUnresolvedError: ... no project_uuid resolved. Run `spec-kitty init`,S02;S21,research.md §3 (answer 5 consequence); data-model.md §3
E11,project_egress_refusal / resolve_egress_consent are rebound by value into their consumers; only a call-time import observes a patch on the defining module,"Patched specify_cli.invocation.adapters.resolve_egress_consent and checked identity of the rebound names in four consumer locations","specify_cli.invocation.resolve_egress_consent (module-level from-import): observes patch = False; specify_cli.invocation.propagator.resolve_egress_consent (module-level from-import): observes patch = False; tracker/egress_consent.py:178 (call-time import): observes patch = True (flipped refuse to permit); TSC.project_egress_refusal is TE.project_egress_refusal: False",S01;S13;S15;S16;S17;S18,research.md §5 (test-authoring implication)
E12,"No issue title crosses on the pull direction today, though the capability exists via an unpopulated filters parameter","Read local_service.py:124's call to engine.pull(limit=limit) and SyncEngine.pull's signature at spec_kitty_tracker/sync.py:53-68","LocalTrackerService.sync_pull calls engine.pull(limit=limit) with no filters; SyncEngine.pull(filters=None) therefore builds argv [<cmd>, --json, list] plus an optional --updated-after <date>; beads.py:86-88's --title-contains filter is real but unreached because no caller populates the filters parameter",S01;S11;S31;S32,"research.md (spec.md departure note, US4)"
E13,"Six consent/boundary test suites are green at bb2020fea (baseline, first measurement)","pytest tests/sync/test_consent_resolver_3030.py tests/sync/test_consent_fault_vocabulary_3030.py tests/sync/test_consent_read_fault_3030.py tests/sync/test_consent_field_fault_3030.py tests/invocation/test_adapters.py tests/architectural/test_egress_consent_boundary.py -q, unpiped, exit status trusted",154 passed in 54.07s; EXIT=0,S01,research.md §5 (measurement discipline)
E14,"Same six consent/boundary test suites are green at bb2020fea (baseline, second measurement by the post-specify squad)",Same command re-run independently by the squad's live-evidence lens; unpiped; exit status trusted,154 passed in 51.31s; EXIT=0 -- pass count and exit status agree with E13; wall-clock duration differs across the two separate executions,S02,research.md §5 (flagged discrepancy)
E15,"The local-tracker and CLI-tracker test suites are green at bb2020fea, and separately under the FR-001 mutation probe","pytest tests/sync/tracker/ tests/agent/cli/commands/test_tracker.py -q run twice: once as a plain baseline and once with the FR-001 mutation plugin injected (E06)","Baseline: 519 passed, 1 warning in 64.73s; under FR-001 mutation plugin: 519 passed, 1 warning in 59.65s with bind count 0 -- same pass count both times; the mutation run demonstrates the green is vacuous",S01;S02,research.md §5; data-model.md §2
E16,"sync doctor's consent-health suite is green at bb2020fea",pytest tests/cli/commands/test_sync_doctor_consent_health_3030.py -q; unpiped; exit status trusted,15 passed in 54.64s; EXIT=0,S01;S02,research.md §5
E17,"The SaaS tracker path sends to spec-kitty's own hosted service, not directly to Jira/Linear",Read saas_client.py:247's _base_url resolution and the endpoint path constants on SaaSTrackerClient,_base_url resolves from resolve_runtime_target().resolved_server_url; every endpoint is /api/v1/tracker/... carrying a bearer token and X-Team-Slug,S01;S02;S12,research.md §3 (answer 5); data-model.md §1 (C-002 rationale)
E18,"local_service.py holds zero consent references; saas_client.py holds three (not two as first tabulated) and egress_consent.py holds six","Per-file grep count of egress_consent|project_egress_refusal across all 16 files in src/specify_cli/tracker/","egress_consent.py: 6 (defines project_egress_refusal at :147); saas_client.py: 3 (import line :34 carries two regex matches on one line, plus one call at :329) -- corrected from an earlier tabulation of 2, which was a line count not a match count; local_service.py: 0; the other 13 files: 0",S01;S02;S11;S12;S13,research.md §1
E19,23 src/ and spec_kitty_tracker citations spot-checked by the post-specify squad against the code all resolve to the claimed construct,Citation audit performed by the four-lens squad over the spec's file:line references,Every one of the 23 spot-checked citations resolves to the claimed construct; none were found to cite a non-existent symbol or a wrong line,S02,research.md (squad credibility note)
E20,ConsentLevel has five members total (three dispatchable) at bb2020fea; the evidence base states six,Direct read of sync/consent.py:66-108 at bb2020fea (this research pass),"Members present: PROJECT_LOCAL, MACHINE_INDEX, ENV, ABSENT, UNDETERMINED = 5 total; PROJECT_CONSENT_PRECEDENCE = (PROJECT_LOCAL, MACHINE_INDEX, ENV) = 3 dispatchable, matching the evidence base's dispatchable count; the total-member count of 6 in tracer-evidence-base.md §4 does not match the code",S19,data-model.md §4; research.md §5 (flagged discrepancy)
E21,build_connector has exactly one call site tree-wide in src/,"AST-based exact-membership/exact-count scan over src/, cited by the spec as the basis for FR-015 guard G2",Exactly one call site tree-wide: LocalTrackerService._build_engine at local_service.py:225,S01;S11,spec.md FR-015 guard G2
